card_id,player_id,grade_id,grade_name,base_ovr,salary_cost,max_enhance,max_awaken,is_droppable,year
DOOSAN_2025_PLY_004031_TH,PLY_004031,5,TITLE_HOLDER,98,3,10,9,FALSE,2025
DOOSAN_2025_PLY_004031_GG,PLY_004031,8,GOLDEN_GLOVE,100,2,10,10,FALSE,2025
DOOSAN_2026_PLY_004167_LN,PLY_004167,1,LIVE_NORMAL,63,4,10,10,TRUE,2026
DOOSAN_2026_PLY_004031_LN,PLY_004031,1,LIVE_NORMAL,93,4,10,10,TRUE,2026
DOOSAN_2026_PLY_004168_LN,PLY_004168,1,LIVE_NORMAL,69,4,10,10,TRUE,2026
DOOSAN_2026_PLY_004169_LN,PLY_004169,1,LIVE_NORMAL,67,4,10,10,TRUE,2026
DOOSAN_2026_PLY_004170_LN,PLY_004170,1,LIVE_NORMAL,77,4,10,10,TRUE,2026
DOOSAN_2026_PLY_004171_LN,PLY_004171,1,LIVE_NORMAL,66,4,10,10,TRUE,2026
DOOSAN_2026_PLY_004172_LN,PLY_004172,1,LIVE_NORMAL,75,4,10,10,TRUE,2026
DOOSAN_2026_PLY_004173_LN,PLY_004173,1,LIVE_NORMAL,69,4,10,10,TRUE,2026
DOOSAN_2026_PLY_004174_LN,PLY_004174,1,LIVE_NORMAL,69,4,10,10,TRUE,2026
DOOSAN_2026_PLY_004175_LN,PLY_004175,1,LIVE_NORMAL,64,4,10,10,TRUE,2026
DOOSAN_2026_PLY_004176_LN,PLY_004176,1,LIVE_NORMAL,60,4,10,10,TRUE,2026
DOOSAN_2026_PLY_004177_LN,PLY_004177,1,LIVE_NORMAL,82,4,10,10,TRUE,2026
DOOSAN_2026_PLY_004178_LN,PLY_004178,1,LIVE_NORMAL,84,4,10,10,TRUE,2026
DOOSAN_2026_PLY_004179_LN,PLY_004179,1,LIVE_NORMAL,69,4,10,10,TRUE,2026
DOOSAN_2026_PLY_004180_LN,PLY_004180,1,LIVE_NORMAL,73,4,10,10,TRUE,2026
DOOSAN_2026_PLY_004181_LN,PLY_004181,1,LIVE_NORMAL,86,4,10,10,TRUE,2026
DOOSAN_2026_PLY_004182_LN,PLY_004182,1,LIVE_NORMAL,79,4,10,10,TRUE,2026
DOOSAN_2026_PLY_004183_LN,PLY_004183,1,LIVE_NORMAL,63,4,10,10,TRUE,2026
DOOSAN_2026_PLY_004184_LN,PLY_004184,1,LIVE_NORMAL,78,4,10,10,TRUE,2026
DOOSAN_2026_PLY_004185_LN,PLY_004185,1,LIVE_NORMAL,58,4,10,10,TRUE,2026
DOOSAN_2026_PLY_004186_LN,PLY_004186,1,LIVE_NORMAL,73,4,10,10,TRUE,2026
DOOSAN_2026_PLY_004187_LN,PLY_004187,1,LIVE_NORMAL,51,4,10,10,TRUE,2026
DOOSAN_2026_PLY_004188_LN,PLY_004188,1,LIVE_NORMAL,66,4,10,10,TRUE,2026
DOOSAN_2026_PLY_004189_LN,PLY_004189,1,LIVE_NORMAL,72,4,10,10,TRUE,2026
DOOSAN_2026_PLY_004190_LN,PLY_004190,1,LIVE_NORMAL,81,4,10,10,TRUE,2026
DOOSAN_2026_PLY_004191_LN,PLY_004191,1,LIVE_NORMAL,50,4,10,10,TRUE,2026
DOOSAN_2026_PLY_004192_LN,PLY_004192,1,LIVE_NORMAL,59,4,10,10,TRUE,2026
DOOSAN_2026_PLY_004193_LN,PLY_004193,1,LIVE_NORMAL,68,4,10,10,TRUE,2026
DOOSAN_2026_PLY_004194_LN,PLY_004194,1,LIVE_NORMAL,78,4,10,10,TRUE,2026
DOOSAN_2026_PLY_004195_LN,PLY_004195,1,LIVE_NORMAL,72,4,10,10,TRUE,2026
DOOSAN_2026_PLY_004196_LN,PLY_004196,1,LIVE_NORMAL,66,4,10,10,TRUE,2026
DOOSAN_2026_PLY_004197_LN,PLY_004197,1,LIVE_NORMAL,73,4,10,10,TRUE,2026
DOOSAN_2026_PLY_004198_LN,PLY_004198,1,LIVE_NORMAL,70,4,10,10,TRUE,2026
DOOSAN_2026_PLY_004199_LN,PLY_004199,1,LIVE_NORMAL,63,4,10,10,TRUE,2026
DOOSAN_2023_PLY_004031_GG,PLY_004031,8,GOLDEN_GLOVE,100,2,10,10,FALSE,2023
DOOSAN_2022_PLY_004031_GG,PLY_004031,8,GOLDEN_GLOVE,100,2,10,10,FALSE,2022
DOOSAN_2021_PLY_004378_GG,PLY_004378,8,GOLDEN_GLOVE,90,2,10,10,FALSE,2021
DOOSAN_2020_PLY_004379_GG,PLY_004379,8,GOLDEN_GLOVE,90,2,10,10,FALSE,2020
DOOSAN_2019_PLY_004383_GG,PLY_004383,8,GOLDEN_GLOVE,91,2,10,10,FALSE,2019
DOOSAN_2019_PLY_004385_GG,PLY_004385,8,GOLDEN_GLOVE,91,2,10,10,FALSE,2019
DOOSAN_2018_PLY_004383_GG,PLY_004383,8,GOLDEN_GLOVE,91,2,10,10,FALSE,2018
DOOSAN_2018_PLY_004031_GG,PLY_004031,8,GOLDEN_GLOVE,100,2,10,10,FALSE,2018
DOOSAN_2018_PLY_004046_GG,PLY_004046,8,GOLDEN_GLOVE,90,2,10,10,FALSE,2018
DOOSAN_2018_PLY_004245_GG,PLY_004245,8,GOLDEN_GLOVE,91,2,10,10,FALSE,2018
DOOSAN_2016_PLY_004388_GG,PLY_004388,8,GOLDEN_GLOVE,97,2,10,10,FALSE,2016
DOOSAN_2016_PLY_004031_GG,PLY_004031,8,GOLDEN_GLOVE,100,2,10,10,FALSE,2016
DOOSAN_2016_PLY_004390_GG,PLY_004390,8,GOLDEN_GLOVE,91,2,10,10,FALSE,2016
DOOSAN_2016_PLY_004245_GG,PLY_004245,8,GOLDEN_GLOVE,91,2,10,10,FALSE,2016
DOOSAN_2015_PLY_004031_GG,PLY_004031,8,GOLDEN_GLOVE,100,2,10,10,FALSE,2015
DOOSAN_2015_PLY_004390_GG,PLY_004390,8,GOLDEN_GLOVE,91,2,10,10,FALSE,2015
DOOSAN_2015_PLY_004382_GG,PLY_004382,8,GOLDEN_GLOVE,93,2,10,10,FALSE,2015
DOOSAN_2014_PLY_004031_GG,PLY_004031,8,GOLDEN_GLOVE,100,2,10,10,FALSE,2014
DOOSAN_2010_PLY_004405_GG,PLY_004405,8,GOLDEN_GLOVE,89,2,10,10,FALSE,2010
DOOSAN_2010_PLY_004382_GG,PLY_004382,8,GOLDEN_GLOVE,93,2,10,10,FALSE,2010
DOOSAN_2010_PLY_004408_GG,PLY_004408,8,GOLDEN_GLOVE,92,2,10,10,FALSE,2010
DOOSAN_2009_PLY_004413_GG,PLY_004413,8,GOLDEN_GLOVE,90,2,10,10,FALSE,2009
DOOSAN_2009_PLY_004382_GG,PLY_004382,8,GOLDEN_GLOVE,93,2,10,10,FALSE,2009
DOOSAN_2008_PLY_004416_GG,PLY_004416,8,GOLDEN_GLOVE,98,2,10,10,FALSE,2008
DOOSAN_2008_PLY_004382_GG,PLY_004382,8,GOLDEN_GLOVE,93,2,10,10,FALSE,2008
DOOSAN_2008_PLY_004408_GG,PLY_004408,8,GOLDEN_GLOVE,92,2,10,10,FALSE,2008
DOOSAN_2007_PLY_004419_GG,PLY_004419,8,GOLDEN_GLOVE,91,2,10,10,FALSE,2007
DOOSAN_2007_PLY_004421_GG,PLY_004421,8,GOLDEN_GLOVE,90,2,10,10,FALSE,2007
DOOSAN_2007_PLY_004416_GG,PLY_004416,8,GOLDEN_GLOVE,98,2,10,10,FALSE,2007
DOOSAN_2007_PLY_004408_GG,PLY_004408,8,GOLDEN_GLOVE,92,2,10,10,FALSE,2007
DOOSAN_2005_PLY_004429_GG,PLY_004429,8,GOLDEN_GLOVE,91,2,10,10,FALSE,2005
DOOSAN_2005_PLY_004413_GG,PLY_004413,8,GOLDEN_GLOVE,90,2,10,10,FALSE,2005
DOOSAN_2004_PLY_004403_GG,PLY_004403,8,GOLDEN_GLOVE,99,2,10,10,FALSE,2004
DOOSAN_2003_PLY_004429_GG,PLY_004429,8,GOLDEN_GLOVE,91,2,10,10,FALSE,2003
DOOSAN_2003_PLY_004416_GG,PLY_004416,8,GOLDEN_GLOVE,98,2,10,10,FALSE,2003
DOOSAN_2001_PLY_004403_GG,PLY_004403,8,GOLDEN_GLOVE,99,2,10,10,FALSE,2001
DOOSAN_2001_PLY_004429_GG,PLY_004429,8,GOLDEN_GLOVE,91,2,10,10,FALSE,2001
DOOSAN_2001_PLY_004448_GG,PLY_004448,8,GOLDEN_GLOVE,89,2,10,10,FALSE,2001
DOOSAN_2001_PLY_004449_GG,PLY_004449,8,GOLDEN_GLOVE,92,2,10,10,FALSE,2001
DOOSAN_2000_PLY_004416_GG,PLY_004416,8,GOLDEN_GLOVE,98,2,10,10,FALSE,2000
DOOSAN_2000_PLY_004452_GG,PLY_004452,8,GOLDEN_GLOVE,97,2,10,10,FALSE,2000
DOOSAN_1999_PLY_004449_GG,PLY_004449,8,GOLDEN_GLOVE,92,2,10,10,FALSE,1999
DOOSAN_1995_PLY_004467_GG,PLY_004467,8,GOLDEN_GLOVE,89,2,10,10,FALSE,1995
DOOSAN_1995_PLY_004468_GG,PLY_004468,8,GOLDEN_GLOVE,89,2,10,10,FALSE,1995
DOOSAN_1995_PLY_004470_GG,PLY_004470,8,GOLDEN_GLOVE,90,2,10,10,FALSE,1995
DOOSAN_1995_PLY_004471_GG,PLY_004471,8,GOLDEN_GLOVE,90,2,10,10,FALSE,1995
DOOSAN_2024_PLY_004184_TH,PLY_004184,5,TITLE_HOLDER,83,3,10,9,FALSE,2024
DOOSAN_2024_PLY_004495_TH,PLY_004495,5,TITLE_HOLDER,83,3,10,9,FALSE,2024
DOOSAN_2023_PLY_004182_TH,PLY_004182,5,TITLE_HOLDER,84,3,10,9,FALSE,2023
DOOSAN_2021_PLY_004378_TH,PLY_004378,5,TITLE_HOLDER,88,3,10,9,FALSE,2021
DOOSAN_2020_PLY_004385_TH,PLY_004385,5,TITLE_HOLDER,89,3,10,9,FALSE,2020
DOOSAN_2020_PLY_004379_TH,PLY_004379,5,TITLE_HOLDER,88,3,10,9,FALSE,2020
DOOSAN_2019_PLY_004385_TH,PLY_004385,5,TITLE_HOLDER,89,3,10,9,FALSE,2019
DOOSAN_2019_PLY_004383_TH,PLY_004383,5,TITLE_HOLDER,89,3,10,9,FALSE,2019
DOOSAN_2018_PLY_004245_TH,PLY_004245,5,TITLE_HOLDER,89,3,10,9,FALSE,2018
DOOSAN_2018_PLY_004508_TH,PLY_004508,5,TITLE_HOLDER,83,3,10,9,FALSE,2018
DOOSAN_2018_PLY_004383_TH,PLY_004383,5,TITLE_HOLDER,89,3,10,9,FALSE,2018
DOOSAN_2016_PLY_004388_TH,PLY_004388,5,TITLE_HOLDER,95,3,10,9,FALSE,2016
DOOSAN_2016_PLY_004517_TH,PLY_004517,5,TITLE_HOLDER,83,3,10,9,FALSE,2016
DOOSAN_1982_PLY_004529_RN,PLY_004529,6,RETIRED_NUMBER,100,2,10,10,FALSE,1982
DOOSAN_1986_PLY_004532_RN,PLY_004532,6,RETIRED_NUMBER,98,2,10,10,FALSE,1986
DOOSAN_1982_PLY_004529_SIG,PLY_004529,7,SIGNATURE,100,1,10,10,FALSE,1982
DOOSAN_2016_PLY_004388_SIG,PLY_004388,7,SIGNATURE,100,1,10,10,FALSE,2016
DOOSAN_2007_PLY_004416_SIG,PLY_004416,7,SIGNATURE,101,1,10,10,FALSE,2007
DOOSAN_2000_PLY_004452_SIG,PLY_004452,7,SIGNATURE,100,1,10,10,FALSE,2000
DOOSAN_2024_PLY_004197_AS,PLY_004197,3,ALLSTAR,76,4,10,9,TRUE,2024
DOOSAN_2024_PLY_004031_AS,PLY_004031,3,ALLSTAR,96,4,10,9,TRUE,2024
DOOSAN_2024_PLY_004182_AS,PLY_004182,3,ALLSTAR,82,4,10,9,TRUE,2024
DOOSAN_2023_PLY_004031_AS,PLY_004031,3,ALLSTAR,96,4,10,9,TRUE,2023
DOOSAN_2020_PLY_004245_AS,PLY_004245,3,ALLSTAR,87,4,10,9,TRUE,2020
DOOSAN_2020_PLY_004385_AS,PLY_004385,3,ALLSTAR,87,4,10,9,TRUE,2020
DOOSAN_2019_PLY_004390_AS,PLY_004390,3,ALLSTAR,87,4,10,9,TRUE,2019
DOOSAN_2019_PLY_004385_AS,PLY_004385,3,ALLSTAR,87,4,10,9,TRUE,2019
DOOSAN_2018_PLY_004383_AS,PLY_004383,3,ALLSTAR,87,4,10,9,TRUE,2018
DOOSAN_2018_PLY_004186_AS,PLY_004186,3,ALLSTAR,76,4,10,9,TRUE,2018
DOOSAN_2018_PLY_004557_AS,PLY_004557,3,ALLSTAR,76,4,10,9,TRUE,2018
DOOSAN_2018_PLY_004031_AS,PLY_004031,3,ALLSTAR,96,4,10,9,TRUE,2018
DOOSAN_2018_PLY_004558_AS,PLY_004558,3,ALLSTAR,82,4,10,9,TRUE,2018
DOOSAN_2018_PLY_004390_AS,PLY_004390,3,ALLSTAR,87,4,10,9,TRUE,2018
DOOSAN_2018_PLY_004215_AS,PLY_004215,3,ALLSTAR,86,4,10,9,TRUE,2018
DOOSAN_2018_PLY_004245_AS,PLY_004245,3,ALLSTAR,87,4,10,9,TRUE,2018
DOOSAN_2018_PLY_004559_AS,PLY_004559,3,ALLSTAR,77,4,10,9,TRUE,2018
DOOSAN_2017_PLY_004388_AS,PLY_004388,3,ALLSTAR,93,4,10,9,TRUE,2017
DOOSAN_2017_PLY_004563_AS,PLY_004563,3,ALLSTAR,77,4,10,9,TRUE,2017
DOOSAN_2017_PLY_004031_AS,PLY_004031,3,ALLSTAR,96,4,10,9,TRUE,2017
DOOSAN_2017_PLY_004559_AS,PLY_004559,3,ALLSTAR,77,4,10,9,TRUE,2017
DOOSAN_2017_PLY_004390_AS,PLY_004390,3,ALLSTAR,87,4,10,9,TRUE,2017
DOOSAN_2017_PLY_004564_AS,PLY_004564,3,ALLSTAR,77,4,10,9,TRUE,2017
DOOSAN_2016_PLY_004388_AS,PLY_004388,3,ALLSTAR,93,4,10,9,TRUE,2016
DOOSAN_2016_PLY_004569_AS,PLY_004569,3,ALLSTAR,82,4,10,9,TRUE,2016
DOOSAN_2016_PLY_004563_AS,PLY_004563,3,ALLSTAR,77,4,10,9,TRUE,2016
DOOSAN_2016_PLY_004031_AS,PLY_004031,3,ALLSTAR,96,4,10,9,TRUE,2016
DOOSAN_2016_PLY_004558_AS,PLY_004558,3,ALLSTAR,82,4,10,9,TRUE,2016
DOOSAN_2016_PLY_004046_AS,PLY_004046,3,ALLSTAR,86,4,10,9,TRUE,2016
DOOSAN_2016_PLY_004390_AS,PLY_004390,3,ALLSTAR,87,4,10,9,TRUE,2016
DOOSAN_2016_PLY_004564_AS,PLY_004564,3,ALLSTAR,77,4,10,9,TRUE,2016
DOOSAN_2015_PLY_004382_AS,PLY_004382,3,ALLSTAR,89,4,10,9,TRUE,2015
DOOSAN_2015_PLY_004564_AS,PLY_004564,3,ALLSTAR,77,4,10,9,TRUE,2015
DOOSAN_2014_PLY_004574_AS,PLY_004574,3,ALLSTAR,76,4,10,9,TRUE,2014
DOOSAN_2014_PLY_004558_AS,PLY_004558,3,ALLSTAR,82,4,10,9,TRUE,2014
DOOSAN_2014_PLY_004564_AS,PLY_004564,3,ALLSTAR,77,4,10,9,TRUE,2014
DOOSAN_2014_PLY_004382_AS,PLY_004382,3,ALLSTAR,89,4,10,9,TRUE,2014
DOOSAN_1986_PLY_004580_TH,PLY_004580,5,TITLE_HOLDER,83,3,10,9,FALSE,1986
DOOSAN_1988_PLY_004584_TH,PLY_004584,5,TITLE_HOLDER,83,3,10,9,FALSE,1988
DOOSAN_1993_PLY_004471_TH,PLY_004471,5,TITLE_HOLDER,88,3,10,9,FALSE,1993
DOOSAN_1995_PLY_004470_TH,PLY_004470,5,TITLE_HOLDER,88,3,10,9,FALSE,1995
DOOSAN_1998_PLY_004452_TH,PLY_004452,5,TITLE_HOLDER,95,3,10,9,FALSE,1998
DOOSAN_1998_PLY_004449_TH,PLY_004449,5,TITLE_HOLDER,90,3,10,9,FALSE,1998
DOOSAN_1999_PLY_004449_TH,PLY_004449,5,TITLE_HOLDER,90,3,10,9,FALSE,1999
DOOSAN_2000_PLY_004592_TH,PLY_004592,5,TITLE_HOLDER,83,3,10,9,FALSE,2000
DOOSAN_2000_PLY_004449_TH,PLY_004449,5,TITLE_HOLDER,90,3,10,9,FALSE,2000
DOOSAN_2000_PLY_004594_TH,PLY_004594,5,TITLE_HOLDER,85,3,10,9,FALSE,2000
DOOSAN_2001_PLY_004452_TH,PLY_004452,5,TITLE_HOLDER,95,3,10,9,FALSE,2001
DOOSAN_2001_PLY_004449_TH,PLY_004449,5,TITLE_HOLDER,90,3,10,9,FALSE,2001
DOOSAN_2001_PLY_004594_TH,PLY_004594,5,TITLE_HOLDER,85,3,10,9,FALSE,2001
DOOSAN_2001_PLY_004598_TH,PLY_004598,5,TITLE_HOLDER,85,3,10,9,FALSE,2001
DOOSAN_2002_PLY_004594_TH,PLY_004594,5,TITLE_HOLDER,85,3,10,9,FALSE,2002
DOOSAN_2002_PLY_004598_TH,PLY_004598,5,TITLE_HOLDER,85,3,10,9,FALSE,2002
DOOSAN_2003_PLY_004416_TH,PLY_004416,5,TITLE_HOLDER,96,3,10,9,FALSE,2003
DOOSAN_2003_PLY_004598_TH,PLY_004598,5,TITLE_HOLDER,85,3,10,9,FALSE,2003
DOOSAN_2004_PLY_004403_TH,PLY_004403,5,TITLE_HOLDER,97,3,10,9,FALSE,2004
DOOSAN_2004_PLY_004605_TH,PLY_004605,5,TITLE_HOLDER,83,3,10,9,FALSE,2004
DOOSAN_2004_PLY_004606_TH,PLY_004606,5,TITLE_HOLDER,83,3,10,9,FALSE,2004
DOOSAN_2005_PLY_004419_TH,PLY_004419,5,TITLE_HOLDER,89,3,10,9,FALSE,2005
DOOSAN_2005_PLY_004569_TH,PLY_004569,5,TITLE_HOLDER,84,3,10,9,FALSE,2005
DOOSAN_2005_PLY_004608_TH,PLY_004608,5,TITLE_HOLDER,83,3,10,9,FALSE,2005
DOOSAN_2006_PLY_004408_TH,PLY_004408,5,TITLE_HOLDER,90,3,10,9,FALSE,2006
DOOSAN_2007_PLY_004421_TH,PLY_004421,5,TITLE_HOLDER,88,3,10,9,FALSE,2007
DOOSAN_2007_PLY_004416_TH,PLY_004416,5,TITLE_HOLDER,96,3,10,9,FALSE,2007
DOOSAN_2007_PLY_004419_TH,PLY_004419,5,TITLE_HOLDER,89,3,10,9,FALSE,2007
DOOSAN_2008_PLY_004382_TH,PLY_004382,5,TITLE_HOLDER,91,3,10,9,FALSE,2008
DOOSAN_2008_PLY_004408_TH,PLY_004408,5,TITLE_HOLDER,90,3,10,9,FALSE,2008
DOOSAN_2009_PLY_004382_TH,PLY_004382,5,TITLE_HOLDER,91,3,10,9,FALSE,2009
DOOSAN_2009_PLY_004194_TH,PLY_004194,5,TITLE_HOLDER,83,3,10,9,FALSE,2009
DOOSAN_2010_PLY_004569_TH,PLY_004569,5,TITLE_HOLDER,84,3,10,9,FALSE,2010
DOOSAN_2011_PLY_004558_TH,PLY_004558,5,TITLE_HOLDER,84,3,10,9,FALSE,2011
DOOSAN_2017_PLY_004031_FRA,PLY_004031,4,FRANCHISE,97,3,10,9,FALSE,2017
DOOSAN_2016_PLY_004046_FRA,PLY_004046,4,FRANCHISE,87,3,10,9,FALSE,2016
DOOSAN_2024_PLY_004182_FRA,PLY_004182,4,FRANCHISE,83,3,10,9,FALSE,2024
DOOSAN_2020_PLY_004245_FRA,PLY_004245,4,FRANCHISE,88,3,10,9,FALSE,2020
DOOSAN_2014_PLY_004382_FRA,PLY_004382,4,FRANCHISE,90,3,10,9,FALSE,2014
DOOSAN_2017_PLY_004388_FRA,PLY_004388,4,FRANCHISE,94,3,10,9,FALSE,2017
DOOSAN_2017_PLY_004390_FRA,PLY_004390,4,FRANCHISE,88,3,10,9,FALSE,2017
DOOSAN_2014_PLY_004558_FRA,PLY_004558,4,FRANCHISE,83,3,10,9,FALSE,2014
DOOSAN_2017_PLY_004559_FRA,PLY_004559,4,FRANCHISE,78,3,10,9,FALSE,2017
DOOSAN_2016_PLY_004563_FRA,PLY_004563,4,FRANCHISE,78,3,10,9,FALSE,2016
DOOSAN_2014_PLY_004564_FRA,PLY_004564,4,FRANCHISE,78,3,10,9,FALSE,2014
DOOSAN_2016_PLY_004569_FRA,PLY_004569,4,FRANCHISE,83,3,10,9,FALSE,2016
DOOSAN_2026_PLY_004031_EPIC,PLY_004031,2,LIVE_EPIC,94,4,10,10,TRUE,2026
DOOSAN_2026_PLY_004178_EPIC,PLY_004178,2,LIVE_EPIC,85,4,10,10,TRUE,2026
DOOSAN_2026_PLY_004180_EPIC,PLY_004180,2,LIVE_EPIC,74,4,10,10,TRUE,2026
DOOSAN_2026_PLY_004181_EPIC,PLY_004181,2,LIVE_EPIC,87,4,10,10,TRUE,2026
DOOSAN_2026_PLY_004182_EPIC,PLY_004182,2,LIVE_EPIC,80,4,10,10,TRUE,2026
DOOSAN_2026_PLY_004184_EPIC,PLY_004184,2,LIVE_EPIC,79,4,10,10,TRUE,2026
DOOSAN_2026_PLY_004186_EPIC,PLY_004186,2,LIVE_EPIC,74,4,10,10,TRUE,2026
DOOSAN_2026_PLY_004194_EPIC,PLY_004194,2,LIVE_EPIC,79,4,10,10,TRUE,2026
DOOSAN_2026_PLY_004197_EPIC,PLY_004197,2,LIVE_EPIC,74,4,10,10,TRUE,2026
