CatalogId,Name,Grade,ConditionBuff,EconomicBonusRate,ClutchMultiplier,SentimentDefense
CHR_1986_LIVE_NORMAL,최기량,LIVE_NORMAL,1,1.05,1.0,0
CHR_1986_LIVE_EPIC,임유나,LIVE_EPIC,2,1.1,1.05,1
CHR_1986_ICON,한하윤,ICON,3,1.15,1.1,2
CHR_1986_LEGEND,이소율,LEGEND,4,1.2,1.15,3
CHR_1987_LIVE_NORMAL,송한나,LIVE_NORMAL,1,1.05,1.0,0
CHR_1987_LIVE_EPIC,한소율,LIVE_EPIC,2,1.1,1.05,1
CHR_1987_ICON,강지우,ICON,3,1.15,1.1,2
CHR_1987_LEGEND,김소율,LEGEND,4,1.2,1.15,3
CHR_1988_LIVE_NORMAL,최은서,LIVE_NORMAL,1,1.05,1.0,0
CHR_1988_LIVE_EPIC,정유나,LIVE_EPIC,2,1.1,1.05,1
CHR_1988_ICON,강예린,ICON,3,1.15,1.1,2
CHR_1988_LEGEND,김서연,LEGEND,4,1.2,1.15,3
CHR_1989_LIVE_NORMAL,한지현,LIVE_NORMAL,1,1.05,1.0,0
CHR_1989_LIVE_EPIC,정예린,LIVE_EPIC,2,1.1,1.05,1
CHR_1989_ICON,윤가은,ICON,3,1.15,1.1,2
CHR_1989_LEGEND,이민서,LEGEND,4,1.2,1.15,3
CHR_1990_LIVE_NORMAL,이유나,LIVE_NORMAL,1,1.05,1.0,0
CHR_1990_LIVE_EPIC,이지현,LIVE_EPIC,2,1.1,1.05,1
CHR_1990_ICON,임지우,ICON,3,1.15,1.1,2
CHR_1990_LEGEND,정수진,LEGEND,4,1.2,1.15,3
CHR_1991_LIVE_NORMAL,송민서,LIVE_NORMAL,1,1.05,1.0,0
CHR_1991_LIVE_EPIC,강민서,LIVE_EPIC,2,1.1,1.05,1
CHR_1991_ICON,최수진,ICON,3,1.15,1.1,2
CHR_1991_LEGEND,박채원,LEGEND,4,1.2,1.15,3
CHR_1992_LIVE_NORMAL,윤다혜,LIVE_NORMAL,1,1.05,1.0,0
CHR_1992_LIVE_EPIC,김예린,LIVE_EPIC,2,1.1,1.05,1
CHR_1992_ICON,이지우,ICON,3,1.15,1.1,2
CHR_1992_LEGEND,임수진,LEGEND,4,1.2,1.15,3
CHR_1993_LIVE_NORMAL,최하윤,LIVE_NORMAL,1,1.05,1.0,0
CHR_1993_LIVE_EPIC,김기량,LIVE_EPIC,2,1.1,1.05,1
CHR_1993_ICON,박민서,ICON,3,1.15,1.1,2
CHR_1993_LEGEND,강서연,LEGEND,4,1.2,1.15,3
CHR_1994_LIVE_NORMAL,정민서,LIVE_NORMAL,1,1.05,1.0,0
CHR_1994_LIVE_EPIC,강은서,LIVE_EPIC,2,1.1,1.05,1
CHR_1994_ICON,한서연,ICON,3,1.15,1.1,2
CHR_1994_LEGEND,김유나,LEGEND,4,1.2,1.15,3
CHR_1995_LIVE_NORMAL,한은서,LIVE_NORMAL,1,1.05,1.0,0
CHR_1995_LIVE_EPIC,박유나,LIVE_EPIC,2,1.1,1.05,1
CHR_1995_ICON,박수진,ICON,3,1.15,1.1,2
CHR_1995_LEGEND,정지현,LEGEND,4,1.2,1.15,3
CHR_1996_LIVE_NORMAL,최가은,LIVE_NORMAL,1,1.05,1.0,0
CHR_1996_LIVE_EPIC,이다혜,LIVE_EPIC,2,1.1,1.05,1
CHR_1996_ICON,임민서,ICON,3,1.15,1.1,2
CHR_1996_LEGEND,김가은,LEGEND,4,1.2,1.15,3
CHR_1997_LIVE_NORMAL,최소율,LIVE_NORMAL,1,1.05,1.0,0
CHR_1997_LIVE_EPIC,임기량,LIVE_EPIC,2,1.1,1.05,1
CHR_1997_ICON,윤수진,ICON,3,1.15,1.1,2
CHR_1997_LEGEND,박은서,LEGEND,4,1.2,1.15,3
CHR_1998_LIVE_NORMAL,박하윤,LIVE_NORMAL,1,1.05,1.0,0
CHR_1998_LIVE_EPIC,송기량,LIVE_EPIC,2,1.1,1.05,1
CHR_1998_ICON,이하윤,ICON,3,1.15,1.1,2
CHR_1998_LEGEND,이채원,LEGEND,4,1.2,1.15,3
CHR_1999_LIVE_NORMAL,김수진,LIVE_NORMAL,1,1.05,1.0,0
CHR_1999_LIVE_EPIC,강한나,LIVE_EPIC,2,1.1,1.05,1
CHR_1999_ICON,송예린,ICON,3,1.15,1.1,2
CHR_1999_LEGEND,박예린,LEGEND,4,1.2,1.15,3
CHR_2000_LIVE_NORMAL,임지현,LIVE_NORMAL,1,1.05,1.0,0
CHR_2000_LIVE_EPIC,박다혜,LIVE_EPIC,2,1.1,1.05,1
CHR_2000_ICON,임예린,ICON,3,1.15,1.1,2
CHR_2000_LEGEND,정채원,LEGEND,4,1.2,1.15,3
CHR_2001_LIVE_NORMAL,강채원,LIVE_NORMAL,1,1.05,1.0,0
CHR_2001_LIVE_EPIC,박지현,LIVE_EPIC,2,1.1,1.05,1
CHR_2001_ICON,윤은서,ICON,3,1.15,1.1,2
CHR_2001_LEGEND,최지현,LEGEND,4,1.2,1.15,3
CHR_2002_LIVE_NORMAL,박지우,LIVE_NORMAL,1,1.05,1.0,0
CHR_2002_LIVE_EPIC,최지우,LIVE_EPIC,2,1.1,1.05,1
CHR_2002_ICON,임서연,ICON,3,1.15,1.1,2
CHR_2002_LEGEND,정다혜,LEGEND,4,1.2,1.15,3
CHR_2003_LIVE_NORMAL,강기량,LIVE_NORMAL,1,1.05,1.0,0
CHR_2003_LIVE_EPIC,윤예린,LIVE_EPIC,2,1.1,1.05,1
CHR_2003_ICON,임채원,ICON,3,1.15,1.1,2
CHR_2003_LEGEND,임하윤,LEGEND,4,1.2,1.15,3
CHR_2004_LIVE_NORMAL,송지우,LIVE_NORMAL,1,1.05,1.0,0
CHR_2004_LIVE_EPIC,임한나,LIVE_EPIC,2,1.1,1.05,1
CHR_2004_ICON,윤하윤,ICON,3,1.15,1.1,2
CHR_2004_LEGEND,이가은,LEGEND,4,1.2,1.15,3
CHR_2005_LIVE_NORMAL,이은서,LIVE_NORMAL,1,1.05,1.0,0
CHR_2005_LIVE_EPIC,박소율,LIVE_EPIC,2,1.1,1.05,1
CHR_2005_ICON,강지현,ICON,3,1.15,1.1,2
CHR_2005_LEGEND,윤민서,LEGEND,4,1.2,1.15,3
CHR_2006_LIVE_NORMAL,한지우,LIVE_NORMAL,1,1.05,1.0,0
CHR_2006_LIVE_EPIC,정기량,LIVE_EPIC,2,1.1,1.05,1
CHR_2006_ICON,김하윤,ICON,3,1.15,1.1,2
CHR_2006_LEGEND,김다혜,LEGEND,4,1.2,1.15,3
CHR_2007_LIVE_NORMAL,한채원,LIVE_NORMAL,1,1.05,1.0,0
CHR_2007_LIVE_EPIC,윤채원,LIVE_EPIC,2,1.1,1.05,1
CHR_2007_ICON,임다혜,ICON,3,1.15,1.1,2
CHR_2007_LEGEND,윤지현,LEGEND,4,1.2,1.15,3
CHR_2008_LIVE_NORMAL,강유나,LIVE_NORMAL,1,1.05,1.0,0
CHR_2008_LIVE_EPIC,윤유나,LIVE_EPIC,2,1.1,1.05,1
CHR_2008_ICON,최한나,ICON,3,1.15,1.1,2
CHR_2008_LEGEND,최다혜,LEGEND,4,1.2,1.15,3
CHR_2009_LIVE_NORMAL,윤서연,LIVE_NORMAL,1,1.05,1.0,0
CHR_2009_LIVE_EPIC,김지우,LIVE_EPIC,2,1.1,1.05,1
CHR_2009_ICON,송은서,ICON,3,1.15,1.1,2
CHR_2009_LEGEND,한다혜,LEGEND,4,1.2,1.15,3
CHR_2010_LIVE_NORMAL,한기량,LIVE_NORMAL,1,1.05,1.0,0
CHR_2010_LIVE_EPIC,강다혜,LIVE_EPIC,2,1.1,1.05,1
CHR_2010_ICON,이수진,ICON,3,1.15,1.1,2
CHR_2010_LEGEND,김지현,LEGEND,4,1.2,1.15,3
CHR_2011_LIVE_NORMAL,강가은,LIVE_NORMAL,1,1.05,1.0,0
CHR_2011_LIVE_EPIC,최민서,LIVE_EPIC,2,1.1,1.05,1
CHR_2011_ICON,한민서,ICON,3,1.15,1.1,2
CHR_2011_LEGEND,최유나,LEGEND,4,1.2,1.15,3
CHR_2012_LIVE_NORMAL,한예린,LIVE_NORMAL,1,1.05,1.0,0
CHR_2012_LIVE_EPIC,송지현,LIVE_EPIC,2,1.1,1.05,1
CHR_2012_ICON,윤기량,ICON,3,1.15,1.1,2
CHR_2012_LEGEND,송하윤,LEGEND,4,1.2,1.15,3
CHR_2013_LIVE_NORMAL,한유나,LIVE_NORMAL,1,1.05,1.0,0
CHR_2013_LIVE_EPIC,박기량,LIVE_EPIC,2,1.1,1.05,1
CHR_2013_ICON,임은서,ICON,3,1.15,1.1,2
CHR_2013_LEGEND,한한나,LEGEND,4,1.2,1.15,3
CHR_2014_LIVE_NORMAL,박가은,LIVE_NORMAL,1,1.05,1.0,0
CHR_2014_LIVE_EPIC,이한나,LIVE_EPIC,2,1.1,1.05,1
CHR_2014_ICON,윤한나,ICON,3,1.15,1.1,2
CHR_2014_LEGEND,윤지우,LEGEND,4,1.2,1.15,3
CHR_2015_LIVE_NORMAL,송가은,LIVE_NORMAL,1,1.05,1.0,0
CHR_2015_LIVE_EPIC,박한나,LIVE_EPIC,2,1.1,1.05,1
CHR_2015_ICON,정가은,ICON,3,1.15,1.1,2
CHR_2015_LEGEND,송유나,LEGEND,4,1.2,1.15,3
CHR_2016_LIVE_NORMAL,한가은,LIVE_NORMAL,1,1.05,1.0,0
CHR_2016_LIVE_EPIC,강수진,LIVE_EPIC,2,1.1,1.05,1
CHR_2016_ICON,최서연,ICON,3,1.15,1.1,2
CHR_2016_LEGEND,송수진,LEGEND,4,1.2,1.15,3
CHR_2017_LIVE_NORMAL,최채원,LIVE_NORMAL,1,1.05,1.0,0
CHR_2017_LIVE_EPIC,윤소율,LIVE_EPIC,2,1.1,1.05,1
CHR_2017_ICON,정은서,ICON,3,1.15,1.1,2
CHR_2017_LEGEND,임가은,LEGEND,4,1.2,1.15,3
CHR_2018_LIVE_NORMAL,송다혜,LIVE_NORMAL,1,1.05,1.0,0
CHR_2018_LIVE_EPIC,김한나,LIVE_EPIC,2,1.1,1.05,1
CHR_2018_ICON,최예린,ICON,3,1.15,1.1,2
CHR_2018_LEGEND,강하윤,LEGEND,4,1.2,1.15,3
CHR_2019_LIVE_NORMAL,한수진,LIVE_NORMAL,1,1.05,1.0,0
CHR_2019_LIVE_EPIC,정서연,LIVE_EPIC,2,1.1,1.05,1
CHR_2019_ICON,정소율,ICON,3,1.15,1.1,2
CHR_2019_LEGEND,정지우,LEGEND,4,1.2,1.15,3
CHR_2020_LIVE_NORMAL,박서연,LIVE_NORMAL,1,1.05,1.0,0
CHR_2020_LIVE_EPIC,김채원,LIVE_EPIC,2,1.1,1.05,1
CHR_2020_ICON,이기량,ICON,3,1.15,1.1,2
CHR_2020_LEGEND,송채원,LEGEND,4,1.2,1.15,3
CHR_2021_LIVE_NORMAL,임소율,LIVE_NORMAL,1,1.05,1.0,0
CHR_2021_LIVE_EPIC,송서연,LIVE_EPIC,2,1.1,1.05,1
CHR_2021_ICON,김은서,ICON,3,1.15,1.1,2
CHR_2021_LEGEND,정하윤,LEGEND,4,1.2,1.15,3
CHR_2022_LIVE_NORMAL,김민서,LIVE_NORMAL,1,1.05,1.0,0
CHR_2022_LIVE_EPIC,강소율,LIVE_EPIC,2,1.1,1.05,1
CHR_2022_ICON,정한나,ICON,3,1.15,1.1,2
CHR_2022_LEGEND,최하윤,LEGEND,4,1.2,1.15,3
CHR_2023_LIVE_NORMAL,이예린,LIVE_NORMAL,1,1.05,1.0,0
CHR_2023_LIVE_EPIC,정하윤,LIVE_EPIC,2,1.1,1.05,1
CHR_2023_ICON,박지우,ICON,3,1.15,1.1,2
CHR_2023_LEGEND,송소율,LEGEND,4,1.2,1.15,3
CHR_2024_LIVE_NORMAL,정가은,LIVE_NORMAL,1,1.05,1.0,0
CHR_2024_LIVE_EPIC,최하윤,LIVE_EPIC,2,1.1,1.05,1
CHR_2024_ICON,이서연,ICON,3,1.15,1.1,2
CHR_2024_LEGEND,윤서연,LEGEND,4,1.2,1.15,3
CHR_2025_LIVE_NORMAL,강다혜,LIVE_NORMAL,1,1.05,1.0,0
CHR_2025_LIVE_EPIC,정채원,LIVE_EPIC,2,1.1,1.05,1
CHR_2025_ICON,송한나,ICON,3,1.15,1.1,2
CHR_2025_LEGEND,이서연,LEGEND,4,1.2,1.15,3
CHR_2026_LIVE_NORMAL,송한나,LIVE_NORMAL,1,1.05,1.0,0
CHR_2026_LIVE_EPIC,송민서,LIVE_EPIC,2,1.1,1.05,1
CHR_2026_ICON,김유나,ICON,3,1.15,1.1,2
CHR_2026_LEGEND,한수진,LEGEND,4,1.2,1.15,3
