player_id,team_id,name,year,position,pa_ip,z_contact,z_eye,z_power,z_speed,z_def,z_stamina,active,z_stuff,z_control,z_movement
PLY_0001,TEM_002,구자욱,2024,RF,500,2.133,2.133,2.133,2.133,2.133,2.133,TRUE,0.000,0.000,0.000
PLY_0002,TEM_002,강민호,2024,C,400,1.867,1.867,1.867,1.867,1.867,1.867,TRUE,0.000,0.000,0.000
PLY_0003,TEM_002,김지찬,2024,CF,480,1.667,1.667,1.667,1.667,1.667,1.667,TRUE,0.000,0.000,0.000
PLY_0004,TEM_002,류지혁,2024,2B,450,1.533,1.533,1.533,1.533,1.533,1.533,TRUE,0.000,0.000,0.000
PLY_0005,TEM_002,이재현,2024,SS,470,1.600,1.600,1.600,1.600,1.600,1.600,TRUE,0.000,0.000,0.000
PLY_0006,TEM_002,김영웅,2024,3B,460,1.733,1.733,1.733,1.733,1.733,1.733,TRUE,0.000,0.000,0.000
PLY_0007,TEM_002,김성윤,2024,LF,300,1.200,1.200,1.200,1.200,1.200,1.200,TRUE,0.000,0.000,0.000
PLY_0008,TEM_002,원태인,2024,SP,160,0.000,0.000,0.000,2.267,0.000,2.267,TRUE,2.267,2.267,2.267
PLY_0009,TEM_002,오승환,2024,CP,55,0.000,0.000,0.000,1.667,0.000,1.667,TRUE,1.667,1.667,1.667
PLY_0010,TEM_002,임창민,2024,RP,45,0.000,0.000,0.000,1.467,0.000,1.467,TRUE,1.467,1.467,1.467
PLY_0011,TEM_002,김재윤,2024,RP,50,0.000,0.000,0.000,1.600,0.000,1.600,TRUE,1.600,1.600,1.600
